{
  "0": 0.0,
  "1": 0.072,
  "2": 0.144,
  "3": 0.21599999999999997,
  "4": 0.288,
  "5": 0.36,
  "6": 0.43199999999999994,
  "7": 0.504,
  "8": 0.576,
  "9": 0.6479999999999999,
  "10": 0.72,
  "11": 0.728,
  "12": 0.736,
  "13": 0.744,
  "14": 0.752,
  "15": 0.76,
  "16": 0.768,
  "17": 0.776,
  "18": 0.784,
  "19": 0.792,
  "20": 0.8,
  "21": 0.804,
  "22": 0.808,
  "23": 0.812,
  "24": 0.8160000000000001,
  "25": 0.8200000000000001,
  "26": 0.824,
  "27": 0.828,
  "28": 0.832,
  "29": 0.836,
  "30": 0.84,
  "31": 0.843,
  "32": 0.846,
  "33": 0.849,
  "34": 0.852,
  "35": 0.855,
  "36": 0.858,
  "37": 0.861,
  "38": 0.864,
  "39": 0.867,
  "40": 0.87,
  "41": 0.872,
  "42": 0.874,
  "43": 0.876,
  "44": 0.878,
  "45": 0.88,
  "46": 0.882,
  "47": 0.884,
  "48": 0.886,
  "49": 0.888,
  "50": 0.89,
  "51": 0.893,
  "52": 0.896,
  "53": 0.899,
  "54": 0.902,
  "55": 0.905,
  "56": 0.908,
  "57": 0.911,
  "58": 0.914,
  "59": 0.917,
  "60": 0.92,
  "61": 0.921,
  "62": 0.922,
  "63": 0.923,
  "64": 0.924,
  "65": 0.925,
  "66": 0.926,
  "67": 0.927,
  "68": 0.928,
  "69": 0.929,
  "70": 0.93,
  "71": 0.931,
  "72": 0.932,
  "73": 0.933,
  "74": 0.934,
  "75": 0.935,
  "76": 0.9359999999999999,
  "77": 0.9369999999999999,
  "78": 0.938,
  "79": 0.939,
  "80": 0.94,
  "81": 0.941,
  "82": 0.942,
  "83": 0.943,
  "84": 0.944,
  "85": 0.945,
  "86": 0.946,
  "87": 0.947,
  "88": 0.948,
  "89": 0.949,
  "90": 0.95,
  "91": 0.9504999999999999,
  "92": 0.951,
  "93": 0.9515,
  "94": 0.952,
  "95": 0.9524999999999999,
  "96": 0.953,
  "97": 0.9535,
  "98": 0.954,
  "99": 0.9544999999999999,
  "100": 0.955
}