{
  "0": 0.0,
  "1": 0.06,
  "2": 0.12,
  "3": 0.18,
  "4": 0.24,
  "5": 0.3,
  "6": 0.36,
  "7": 0.42,
  "8": 0.48,
  "9": 0.54,
  "10": 0.6,
  "11": 0.615,
  "12": 0.63,
  "13": 0.645,
  "14": 0.66,
  "15": 0.675,
  "16": 0.69,
  "17": 0.705,
  "18": 0.72,
  "19": 0.735,
  "20": 0.75,
  "21": 0.755,
  "22": 0.76,
  "23": 0.765,
  "24": 0.77,
  "25": 0.775,
  "26": 0.78,
  "27": 0.785,
  "28": 0.79,
  "29": 0.795,
  "30": 0.8,
  "31": 0.805,
  "32": 0.81,
  "33": 0.8150000000000001,
  "34": 0.8200000000000001,
  "35": 0.825,
  "36": 0.83,
  "37": 0.835,
  "38": 0.84,
  "39": 0.845,
  "40": 0.85,
  "41": 0.853,
  "42": 0.856,
  "43": 0.859,
  "44": 0.862,
  "45": 0.865,
  "46": 0.868,
  "47": 0.871,
  "48": 0.874,
  "49": 0.877,
  "50": 0.88,
  "51": 0.883,
  "52": 0.886,
  "53": 0.889,
  "54": 0.892,
  "55": 0.895,
  "56": 0.898,
  "57": 0.901,
  "58": 0.904,
  "59": 0.907,
  "60": 0.91,
  "61": 0.912,
  "62": 0.914,
  "63": 0.916,
  "64": 0.918,
  "65": 0.92,
  "66": 0.922,
  "67": 0.924,
  "68": 0.926,
  "69": 0.928,
  "70": 0.93,
  "71": 0.931,
  "72": 0.932,
  "73": 0.933,
  "74": 0.934,
  "75": 0.935,
  "76": 0.9359999999999999,
  "77": 0.9369999999999999,
  "78": 0.938,
  "79": 0.939,
  "80": 0.94,
  "81": 0.9404999999999999,
  "82": 0.941,
  "83": 0.9415,
  "84": 0.942,
  "85": 0.9424999999999999,
  "86": 0.943,
  "87": 0.9435,
  "88": 0.944,
  "89": 0.9444999999999999,
  "90": 0.945,
  "91": 0.9455,
  "92": 0.946,
  "93": 0.9464999999999999,
  "94": 0.947,
  "95": 0.9475,
  "96": 0.948,
  "97": 0.9484999999999999,
  "98": 0.949,
  "99": 0.9495,
  "100": 0.95
}