{
  "0": 0.0,
  "1": 0.075,
  "2": 0.15,
  "3": 0.22499999999999998,
  "4": 0.3,
  "5": 0.375,
  "6": 0.44999999999999996,
  "7": 0.525,
  "8": 0.6,
  "9": 0.6749999999999999,
  "10": 0.75,
  "11": 0.757,
  "12": 0.764,
  "13": 0.771,
  "14": 0.778,
  "15": 0.7849999999999999,
  "16": 0.7919999999999999,
  "17": 0.7989999999999999,
  "18": 0.8059999999999999,
  "19": 0.813,
  "20": 0.82,
  "21": 0.825,
  "22": 0.83,
  "23": 0.835,
  "24": 0.84,
  "25": 0.845,
  "26": 0.85,
  "27": 0.855,
  "28": 0.86,
  "29": 0.865,
  "30": 0.87,
  "31": 0.873,
  "32": 0.876,
  "33": 0.879,
  "34": 0.882,
  "35": 0.885,
  "36": 0.888,
  "37": 0.891,
  "38": 0.894,
  "39": 0.897,
  "40": 0.9,
  "41": 0.902,
  "42": 0.904,
  "43": 0.906,
  "44": 0.908,
  "45": 0.91,
  "46": 0.912,
  "47": 0.914,
  "48": 0.916,
  "49": 0.918,
  "50": 0.92,
  "51": 0.921,
  "52": 0.922,
  "53": 0.923,
  "54": 0.924,
  "55": 0.925,
  "56": 0.926,
  "57": 0.927,
  "58": 0.928,
  "59": 0.929,
  "60": 0.93,
  "61": 0.931,
  "62": 0.932,
  "63": 0.933,
  "64": 0.934,
  "65": 0.935,
  "66": 0.9359999999999999,
  "67": 0.9369999999999999,
  "68": 0.938,
  "69": 0.939,
  "70": 0.94,
  "71": 0.9404999999999999,
  "72": 0.941,
  "73": 0.9415,
  "74": 0.942,
  "75": 0.9424999999999999,
  "76": 0.943,
  "77": 0.9435,
  "78": 0.944,
  "79": 0.9444999999999999,
  "80": 0.945,
  "81": 0.9455,
  "82": 0.946,
  "83": 0.9464999999999999,
  "84": 0.947,
  "85": 0.9475,
  "86": 0.948,
  "87": 0.9484999999999999,
  "88": 0.949,
  "89": 0.9495,
  "90": 0.95,
  "91": 0.9504999999999999,
  "92": 0.951,
  "93": 0.9515,
  "94": 0.952,
  "95": 0.9524999999999999,
  "96": 0.953,
  "97": 0.9535,
  "98": 0.954,
  "99": 0.9544999999999999,
  "100": 0.955
}