{
  "0": 0.0,
  "1": 0.08,
  "2": 0.16,
  "3": 0.24,
  "4": 0.32,
  "5": 0.4,
  "6": 0.48,
  "7": 0.56,
  "8": 0.64,
  "9": 0.72,
  "10": 0.8,
  "11": 0.805,
  "12": 0.81,
  "13": 0.8150000000000001,
  "14": 0.8200000000000001,
  "15": 0.825,
  "16": 0.83,
  "17": 0.835,
  "18": 0.84,
  "19": 0.845,
  "20": 0.85,
  "21": 0.853,
  "22": 0.856,
  "23": 0.859,
  "24": 0.862,
  "25": 0.865,
  "26": 0.868,
  "27": 0.871,
  "28": 0.874,
  "29": 0.877,
  "30": 0.88,
  "31": 0.882,
  "32": 0.884,
  "33": 0.886,
  "34": 0.888,
  "35": 0.89,
  "36": 0.892,
  "37": 0.894,
  "38": 0.896,
  "39": 0.898,
  "40": 0.9,
  "41": 0.902,
  "42": 0.904,
  "43": 0.906,
  "44": 0.908,
  "45": 0.91,
  "46": 0.912,
  "47": 0.914,
  "48": 0.916,
  "49": 0.918,
  "50": 0.92,
  "51": 0.9215,
  "52": 0.923,
  "53": 0.9245000000000001,
  "54": 0.926,
  "55": 0.9275,
  "56": 0.929,
  "57": 0.9305000000000001,
  "58": 0.932,
  "59": 0.9335,
  "60": 0.935,
  "61": 0.936,
  "62": 0.937,
  "63": 0.9380000000000001,
  "64": 0.9390000000000001,
  "65": 0.94,
  "66": 0.941,
  "67": 0.942,
  "68": 0.943,
  "69": 0.944,
  "70": 0.945,
  "71": 0.946,
  "72": 0.947,
  "73": 0.948,
  "74": 0.949,
  "75": 0.95,
  "76": 0.951,
  "77": 0.952,
  "78": 0.953,
  "79": 0.954,
  "80": 0.955,
  "81": 0.9557,
  "82": 0.9563999999999999,
  "83": 0.9571,
  "84": 0.9578,
  "85": 0.9584999999999999,
  "86": 0.9591999999999999,
  "87": 0.9599,
  "88": 0.9606,
  "89": 0.9612999999999999,
  "90": 0.962,
  "91": 0.9624999999999999,
  "92": 0.963,
  "93": 0.9635,
  "94": 0.964,
  "95": 0.9644999999999999,
  "96": 0.965,
  "97": 0.9655,
  "98": 0.966,
  "99": 0.9664999999999999,
  "100": 0.967
}