{
  "0": 0,
  "1": 0,
  "2": 0,
  "3": 0,
  "4": 0,
  "5": 0.898825561312608,
  "6": 0.8996891191709845,
  "7": 0.898825561312608,
  "8": 0.9035060449050087,
  "9": 0.9035060449050087,
  "10": 0.9026424870466321,
  "11": 0.9126424870466321,
  "12": 0.9291882556131261,
  "13": 0.9309153713298791,
  "14": 0.9309153713298791,
  "15": 0.9309153713298791,
  "16": 0.9309153713298791,
  "17": 0.9291882556131261,
  "18": 0.9317789291882557,
  "19": 0.9326424870466321,
  "20": 0.9291882556131261,
  "21": 0.9300518134715026,
  "22": 0.9300518134715026,
  "23": 0.9300518134715026,
  "24": 0.9309153713298791,
  "25": 0.9309153713298791,
  "26": 0.9386873920552677,
  "27": 0.9395509499136442,
  "28": 0.9455958549222798,
  "29": 0.9464594127806563,
  "30": 0.9473229706390328,
  "31": 0.9421416234887737,
  "32": 0.9455958549222798,
  "33": 0.9412780656303973,
  "34": 0.9455958549222798,
  "35": 0.9412780656303973,
  "36": 0.9464594127806563,
  "37": 0.9464594127806563,
  "38": 0.9464594127806563,
  "39": 0.9438687392055267,
  "40": 0.9481865284974094,
  "41": 0.9447322970639033,
  "42": 0.9430051813471503,
  "43": 0.9464594127806563,
  "44": 0.9412780656303973,
  "45": 0.9421416234887737,
  "46": 0.9430051813471503,
  "47": 0.9438687392055267,
  "48": 0.9438687392055267,
  "49": 0.9481865284974094,
  "50": 0.9473229706390328,
  "51": 0.9455958549222798,
  "52": 0.9455958549222798,
  "53": 0.9559585492227979,
  "54": 0.9568221070811744,
  "55": 0.957685664939551,
  "56": 0.9585492227979274,
  "57": 0.9481865284974094,
  "58": 0.9559585492227979,
  "59": 0.9602763385146805,
  "60": 0.9559585492227979,
  "61": 0.9602763385146805,
  "62": 0.9602763385146805,
  "63": 0.9585492227979274,
  "64": 0.9602763385146805,
  "65": 0.9568221070811744,
  "66": 0.9559585492227979,
  "67": 0.9542314335060449,
  "68": 0.9542314335060449,
  "69": 0.9602763385146805,
  "70": 0.959412780656304,
  "71": 0.9559585492227979,
  "72": 0.959412780656304,
  "73": 0.9585492227979274,
  "74": 0.9585492227979274,
  "75": 0.9585492227979274,
  "76": 0.959412780656304,
  "77": 0.9602763385146805,
  "78": 0.9602763385146805,
  "79": 0.9740932642487047,
  "80": 0.9740932642487047,
  "81": 0.9740932642487047,
  "82": 0.9740932642487047,
  "83": 0.9715025906735751,
  "84": 0.9689119170984456,
  "85": 0.9723661485319517,
  "86": 0.9671848013816926,
  "87": 0.9723661485319517,
  "88": 0.9715025906735751,
  "89": 0.9732297063903281,
  "90": 0.9732297063903281,
  "91": 0.9732297063903281,
  "92": 0.9715025906735751,
  "93": 0.9706390328151986,
  "94": 0.9715025906735751,
  "95": 0.9732297063903281,
  "96": 0.9775474956822107,
  "97": 0.9784110535405872,
  "98": 0.9853195164075993,
  "99": 0.9740932642487047,
  "100": 0.9740932642487047
}