{
  "0": 0.9465116279069767,
  "1": 0.9465116279069767,
  "2": 0.9465116279069767,
  "3": 0.9465116279069767,
  "4": 0.9465116279069767,
  "5": 0.9465116279069767,
  "6": 0.9465116279069767,
  "7": 0.9465116279069767,
  "8": 0.9465116279069767,
  "9": 0.9465116279069767,
  "10": 0.9441860465116279,
  "11": 0.9453488372093023,
  "12": 0.9476744186046511,
  "13": 0.9476744186046511,
  "14": 0.9476744186046511,
  "15": 0.9488372093023255,
  "16": 0.95,
  "17": 0.9511627906976744,
  "18": 0.9523255813953487,
  "19": 0.9534883720930231,
  "20": 0.9546511627906977,
  "21": 0.9569767441860465,
  "22": 0.9593023255813953,
  "23": 0.9604651162790697,
  "24": 0.961627906976744,
  "25": 0.9627906976744185,
  "26": 0.963953488372093,
  "27": 0.9651162790697675,
  "28": 0.9662790697674419,
  "29": 0.9674418604651163,
  "30": 0.9686046511627907,
  "31": 0.9697674418604652,
  "32": 0.9709302325581395,
  "33": 0.972093023255814,
  "34": 0.9732558139534884,
  "35": 0.9732558139534884,
  "36": 0.9732558139534884,
  "37": 0.9732558139534884,
  "38": 0.9732558139534884,
  "39": 0.9732558139534884,
  "40": 0.9744186046511628,
  "41": 0.9744186046511628,
  "42": 0.9755813953488373,
  "43": 0.9755813953488373,
  "44": 0.9755813953488373,
  "45": 0.9755813953488373,
  "46": 0.9755813953488373,
  "47": 0.9767441860465116,
  "48": 0.9767441860465116,
  "49": 0.9767441860465116,
  "50": 0.9767441860465116,
  "51": 0.9767441860465116,
  "52": 0.977906976744186,
  "53": 0.977906976744186,
  "54": 0.977906976744186,
  "55": 0.977906976744186,
  "56": 0.977906976744186,
  "57": 0.977906976744186,
  "58": 0.977906976744186,
  "59": 0.977906976744186,
  "60": 0.977906976744186,
  "61": 0.977906976744186,
  "62": 0.977906976744186,
  "63": 0.977906976744186,
  "64": 0.977906976744186,
  "65": 0.977906976744186,
  "66": 0.9767441860465116,
  "67": 0.9767441860465116,
  "68": 0.9767441860465116,
  "69": 0.9767441860465116,
  "70": 0.9767441860465116,
  "71": 0.9767441860465116,
  "72": 0.9767441860465116,
  "73": 0.9767441860465116,
  "74": 0.9755813953488373,
  "75": 0.9755813953488373,
  "76": 0.9755813953488373,
  "77": 0.9755813953488373,
  "78": 0.9755813953488373,
  "79": 0.9744186046511628,
  "80": 0.9744186046511628,
  "81": 0.9744186046511628,
  "82": 0.9732558139534884,
  "83": 0.9732558139534884,
  "84": 0.9732558139534884,
  "85": 0.9732558139534884,
  "86": 0.9732558139534884,
  "87": 0.9732558139534884,
  "88": 0.9732558139534884,
  "89": 0.9744186046511628,
  "90": 0.9744186046511628,
  "91": 0.9767441860465116,
  "92": 0.9767441860465116,
  "93": 0.9767441860465116,
  "94": 0.9767441860465116,
  "95": 0.9767441860465116,
  "96": 0.9767441860465116,
  "97": 0.9767441860465116,
  "98": 0.9767441860465116,
  "99": 0.9767441860465116,
  "100": 0.9767441860465116
}