{
  "0": 0.01,
  "1": 0.06999999999999999,
  "2": 0.13,
  "3": 0.19,
  "4": 0.25,
  "5": 0.31,
  "6": 0.37,
  "7": 0.43,
  "8": 0.49,
  "9": 0.55,
  "10": 0.61,
  "11": 0.62,
  "12": 0.63,
  "13": 0.64,
  "14": 0.65,
  "15": 0.6599999999999999,
  "16": 0.6699999999999999,
  "17": 0.6799999999999999,
  "18": 0.69,
  "19": 0.7,
  "20": 0.71,
  "21": 0.716,
  "22": 0.722,
  "23": 0.728,
  "24": 0.734,
  "25": 0.74,
  "26": 0.746,
  "27": 0.752,
  "28": 0.758,
  "29": 0.764,
  "30": 0.77,
  "31": 0.775,
  "32": 0.78,
  "33": 0.785,
  "34": 0.79,
  "35": 0.795,
  "36": 0.8,
  "37": 0.805,
  "38": 0.81,
  "39": 0.8150000000000001,
  "40": 0.8200000000000001,
  "41": 0.8240000000000001,
  "42": 0.8280000000000001,
  "43": 0.8320000000000001,
  "44": 0.8360000000000001,
  "45": 0.8400000000000001,
  "46": 0.844,
  "47": 0.848,
  "48": 0.852,
  "49": 0.856,
  "50": 0.86,
  "51": 0.864,
  "52": 0.868,
  "53": 0.872,
  "54": 0.876,
  "55": 0.88,
  "56": 0.884,
  "57": 0.888,
  "58": 0.892,
  "59": 0.896,
  "60": 0.9,
  "61": 0.9025000000000001,
  "62": 0.905,
  "63": 0.9075,
  "64": 0.91,
  "65": 0.9125000000000001,
  "66": 0.915,
  "67": 0.9175,
  "68": 0.92,
  "69": 0.9225000000000001,
  "70": 0.925,
  "71": 0.9265000000000001,
  "72": 0.928,
  "73": 0.9295,
  "74": 0.931,
  "75": 0.9325000000000001,
  "76": 0.934,
  "77": 0.9355,
  "78": 0.937,
  "79": 0.9385000000000001,
  "80": 0.9400000000000001,
  "81": 0.9410000000000001,
  "82": 0.9420000000000001,
  "83": 0.9430000000000001,
  "84": 0.9440000000000001,
  "85": 0.9450000000000001,
  "86": 0.946,
  "87": 0.947,
  "88": 0.948,
  "89": 0.949,
  "90": 0.95,
  "91": 0.9504999999999999,
  "92": 0.951,
  "93": 0.9515,
  "94": 0.952,
  "95": 0.9524999999999999,
  "96": 0.953,
  "97": 0.9535,
  "98": 0.954,
  "99": 0.9544999999999999,
  "100": 0.955
}