{
  "0": 0.0,
  "1": 0.073,
  "2": 0.146,
  "3": 0.21899999999999997,
  "4": 0.292,
  "5": 0.365,
  "6": 0.43799999999999994,
  "7": 0.511,
  "8": 0.584,
  "9": 0.6569999999999999,
  "10": 0.73,
  "11": 0.739,
  "12": 0.748,
  "13": 0.757,
  "14": 0.766,
  "15": 0.7749999999999999,
  "16": 0.7839999999999999,
  "17": 0.7929999999999999,
  "18": 0.8019999999999999,
  "19": 0.8109999999999999,
  "20": 0.82,
  "21": 0.823,
  "22": 0.826,
  "23": 0.829,
  "24": 0.832,
  "25": 0.835,
  "26": 0.838,
  "27": 0.841,
  "28": 0.844,
  "29": 0.847,
  "30": 0.85,
  "31": 0.852,
  "32": 0.854,
  "33": 0.856,
  "34": 0.858,
  "35": 0.86,
  "36": 0.862,
  "37": 0.864,
  "38": 0.866,
  "39": 0.868,
  "40": 0.87,
  "41": 0.872,
  "42": 0.874,
  "43": 0.876,
  "44": 0.878,
  "45": 0.88,
  "46": 0.882,
  "47": 0.884,
  "48": 0.886,
  "49": 0.888,
  "50": 0.89,
  "51": 0.892,
  "52": 0.894,
  "53": 0.896,
  "54": 0.898,
  "55": 0.9,
  "56": 0.902,
  "57": 0.904,
  "58": 0.906,
  "59": 0.908,
  "60": 0.91,
  "61": 0.9115,
  "62": 0.913,
  "63": 0.9145000000000001,
  "64": 0.916,
  "65": 0.9175,
  "66": 0.919,
  "67": 0.9205000000000001,
  "68": 0.922,
  "69": 0.9235,
  "70": 0.925,
  "71": 0.9265,
  "72": 0.928,
  "73": 0.9295,
  "74": 0.931,
  "75": 0.9325,
  "76": 0.9339999999999999,
  "77": 0.9355,
  "78": 0.9369999999999999,
  "79": 0.9385,
  "80": 0.94,
  "81": 0.941,
  "82": 0.942,
  "83": 0.943,
  "84": 0.944,
  "85": 0.945,
  "86": 0.946,
  "87": 0.947,
  "88": 0.948,
  "89": 0.949,
  "90": 0.95,
  "91": 0.9504999999999999,
  "92": 0.951,
  "93": 0.9515,
  "94": 0.952,
  "95": 0.9524999999999999,
  "96": 0.953,
  "97": 0.9535,
  "98": 0.954,
  "99": 0.9544999999999999,
  "100": 0.955
}