{
  "0": 0.0,
  "1": 0.075,
  "2": 0.15,
  "3": 0.22499999999999998,
  "4": 0.3,
  "5": 0.375,
  "6": 0.44999999999999996,
  "7": 0.525,
  "8": 0.6,
  "9": 0.6749999999999999,
  "10": 0.75,
  "11": 0.757,
  "12": 0.764,
  "13": 0.771,
  "14": 0.778,
  "15": 0.7849999999999999,
  "16": 0.7919999999999999,
  "17": 0.7989999999999999,
  "18": 0.8059999999999999,
  "19": 0.813,
  "20": 0.82,
  "21": 0.823,
  "22": 0.826,
  "23": 0.829,
  "24": 0.832,
  "25": 0.835,
  "26": 0.838,
  "27": 0.841,
  "28": 0.844,
  "29": 0.847,
  "30": 0.85,
  "31": 0.8525,
  "32": 0.855,
  "33": 0.8574999999999999,
  "34": 0.86,
  "35": 0.8625,
  "36": 0.865,
  "37": 0.8674999999999999,
  "38": 0.87,
  "39": 0.8725,
  "40": 0.875,
  "41": 0.877,
  "42": 0.879,
  "43": 0.881,
  "44": 0.883,
  "45": 0.885,
  "46": 0.887,
  "47": 0.889,
  "48": 0.891,
  "49": 0.893,
  "50": 0.895,
  "51": 0.8965000000000001,
  "52": 0.898,
  "53": 0.8995,
  "54": 0.901,
  "55": 0.9025000000000001,
  "56": 0.904,
  "57": 0.9055,
  "58": 0.907,
  "59": 0.9085000000000001,
  "60": 0.91,
  "61": 0.911,
  "62": 0.912,
  "63": 0.913,
  "64": 0.914,
  "65": 0.915,
  "66": 0.916,
  "67": 0.917,
  "68": 0.918,
  "69": 0.919,
  "70": 0.92,
  "71": 0.921,
  "72": 0.922,
  "73": 0.923,
  "74": 0.924,
  "75": 0.925,
  "76": 0.926,
  "77": 0.927,
  "78": 0.928,
  "79": 0.929,
  "80": 0.93,
  "81": 0.9305000000000001,
  "82": 0.931,
  "83": 0.9315,
  "84": 0.932,
  "85": 0.9325000000000001,
  "86": 0.933,
  "87": 0.9335,
  "88": 0.934,
  "89": 0.9345000000000001,
  "90": 0.935,
  "91": 0.9355,
  "92": 0.936,
  "93": 0.9365,
  "94": 0.937,
  "95": 0.9375,
  "96": 0.938,
  "97": 0.9385,
  "98": 0.939,
  "99": 0.9395,
  "100": 0.94
}