{
  "0": 0.0,
  "1": 0.076,
  "2": 0.152,
  "3": 0.22799999999999998,
  "4": 0.304,
  "5": 0.38,
  "6": 0.45599999999999996,
  "7": 0.532,
  "8": 0.608,
  "9": 0.6839999999999999,
  "10": 0.76,
  "11": 0.769,
  "12": 0.778,
  "13": 0.787,
  "14": 0.796,
  "15": 0.8049999999999999,
  "16": 0.814,
  "17": 0.823,
  "18": 0.832,
  "19": 0.841,
  "20": 0.85,
  "21": 0.853,
  "22": 0.856,
  "23": 0.859,
  "24": 0.862,
  "25": 0.865,
  "26": 0.868,
  "27": 0.871,
  "28": 0.874,
  "29": 0.877,
  "30": 0.88,
  "31": 0.882,
  "32": 0.884,
  "33": 0.886,
  "34": 0.888,
  "35": 0.89,
  "36": 0.892,
  "37": 0.894,
  "38": 0.896,
  "39": 0.898,
  "40": 0.9,
  "41": 0.9015,
  "42": 0.903,
  "43": 0.9045000000000001,
  "44": 0.906,
  "45": 0.9075,
  "46": 0.909,
  "47": 0.9105000000000001,
  "48": 0.912,
  "49": 0.9135,
  "50": 0.915,
  "51": 0.916,
  "52": 0.917,
  "53": 0.918,
  "54": 0.919,
  "55": 0.92,
  "56": 0.921,
  "57": 0.922,
  "58": 0.923,
  "59": 0.924,
  "60": 0.925,
  "61": 0.926,
  "62": 0.927,
  "63": 0.928,
  "64": 0.929,
  "65": 0.93,
  "66": 0.931,
  "67": 0.932,
  "68": 0.933,
  "69": 0.934,
  "70": 0.935,
  "71": 0.936,
  "72": 0.937,
  "73": 0.9380000000000001,
  "74": 0.9390000000000001,
  "75": 0.94,
  "76": 0.941,
  "77": 0.942,
  "78": 0.943,
  "79": 0.944,
  "80": 0.945,
  "81": 0.9457,
  "82": 0.9463999999999999,
  "83": 0.9470999999999999,
  "84": 0.9478,
  "85": 0.9484999999999999,
  "86": 0.9491999999999999,
  "87": 0.9499,
  "88": 0.9506,
  "89": 0.9512999999999999,
  "90": 0.952,
  "91": 0.9524999999999999,
  "92": 0.953,
  "93": 0.9535,
  "94": 0.954,
  "95": 0.9544999999999999,
  "96": 0.955,
  "97": 0.9555,
  "98": 0.956,
  "99": 0.9564999999999999,
  "100": 0.957
}