{
  "0": 0.0,
  "1": 0.009,
  "2": 0.018,
  "3": 0.026999999999999996,
  "4": 0.036,
  "5": 0.045,
  "6": 0.05399999999999999,
  "7": 0.063,
  "8": 0.072,
  "9": 0.08099999999999999,
  "10": 0.09,
  "11": 0.098,
  "12": 0.106,
  "13": 0.114,
  "14": 0.122,
  "15": 0.13,
  "16": 0.138,
  "17": 0.14600000000000002,
  "18": 0.15400000000000003,
  "19": 0.16200000000000003,
  "20": 0.17,
  "21": 0.17300000000000001,
  "22": 0.17600000000000002,
  "23": 0.17900000000000002,
  "24": 0.18200000000000002,
  "25": 0.185,
  "26": 0.188,
  "27": 0.191,
  "28": 0.194,
  "29": 0.197,
  "30": 0.2,
  "31": 0.20800000000000002,
  "32": 0.21600000000000003,
  "33": 0.22400000000000003,
  "34": 0.232,
  "35": 0.24000000000000002,
  "36": 0.24800000000000003,
  "37": 0.256,
  "38": 0.264,
  "39": 0.272,
  "40": 0.28,
  "41": 0.28800000000000003,
  "42": 0.29600000000000004,
  "43": 0.304,
  "44": 0.312,
  "45": 0.32,
  "46": 0.328,
  "47": 0.336,
  "48": 0.344,
  "49": 0.352,
  "50": 0.36,
  "51": 0.366,
  "52": 0.372,
  "53": 0.378,
  "54": 0.384,
  "55": 0.39,
  "56": 0.396,
  "57": 0.40199999999999997,
  "58": 0.408,
  "59": 0.414,
  "60": 0.42,
  "61": 0.425,
  "62": 0.43,
  "63": 0.435,
  "64": 0.44,
  "65": 0.44499999999999995,
  "66": 0.44999999999999996,
  "67": 0.45499999999999996,
  "68": 0.45999999999999996,
  "69": 0.46499999999999997,
  "70": 0.47,
  "71": 0.473,
  "72": 0.476,
  "73": 0.479,
  "74": 0.482,
  "75": 0.485,
  "76": 0.488,
  "77": 0.491,
  "78": 0.494,
  "79": 0.497,
  "80": 0.5,
  "81": 0.502,
  "82": 0.504,
  "83": 0.506,
  "84": 0.508,
  "85": 0.51,
  "86": 0.512,
  "87": 0.514,
  "88": 0.516,
  "89": 0.518,
  "90": 0.52,
  "91": 0.521,
  "92": 0.522,
  "93": 0.523,
  "94": 0.524,
  "95": 0.525,
  "96": 0.526,
  "97": 0.527,
  "98": 0.528,
  "99": 0.529,
  "100": 0.53
}