{
  "0": 0.0,
  "1": 0.018,
  "2": 0.036,
  "3": 0.05399999999999999,
  "4": 0.072,
  "5": 0.09,
  "6": 0.10799999999999998,
  "7": 0.126,
  "8": 0.144,
  "9": 0.16199999999999998,
  "10": 0.18,
  "11": 0.187,
  "12": 0.194,
  "13": 0.201,
  "14": 0.208,
  "15": 0.215,
  "16": 0.222,
  "17": 0.229,
  "18": 0.236,
  "19": 0.243,
  "20": 0.25,
  "21": 0.26,
  "22": 0.27,
  "23": 0.27999999999999997,
  "24": 0.29,
  "25": 0.3,
  "26": 0.31,
  "27": 0.32,
  "28": 0.32999999999999996,
  "29": 0.33999999999999997,
  "30": 0.35,
  "31": 0.356,
  "32": 0.362,
  "33": 0.368,
  "34": 0.374,
  "35": 0.38,
  "36": 0.386,
  "37": 0.39199999999999996,
  "38": 0.39799999999999996,
  "39": 0.40399999999999997,
  "40": 0.41,
  "41": 0.415,
  "42": 0.42,
  "43": 0.425,
  "44": 0.43,
  "45": 0.435,
  "46": 0.44,
  "47": 0.445,
  "48": 0.45,
  "49": 0.455,
  "50": 0.46,
  "51": 0.465,
  "52": 0.47000000000000003,
  "53": 0.47500000000000003,
  "54": 0.48000000000000004,
  "55": 0.485,
  "56": 0.49,
  "57": 0.495,
  "58": 0.5,
  "59": 0.505,
  "60": 0.51,
  "61": 0.514,
  "62": 0.518,
  "63": 0.522,
  "64": 0.526,
  "65": 0.53,
  "66": 0.534,
  "67": 0.538,
  "68": 0.542,
  "69": 0.546,
  "70": 0.55,
  "71": 0.554,
  "72": 0.558,
  "73": 0.562,
  "74": 0.5660000000000001,
  "75": 0.5700000000000001,
  "76": 0.574,
  "77": 0.578,
  "78": 0.582,
  "79": 0.586,
  "80": 0.59,
  "81": 0.594,
  "82": 0.598,
  "83": 0.602,
  "84": 0.606,
  "85": 0.61,
  "86": 0.614,
  "87": 0.618,
  "88": 0.622,
  "89": 0.626,
  "90": 0.63,
  "91": 0.634,
  "92": 0.638,
  "93": 0.642,
  "94": 0.646,
  "95": 0.65,
  "96": 0.654,
  "97": 0.658,
  "98": 0.662,
  "99": 0.666,
  "100": 0.67
}