{
  "0": 0.0,
  "1": 0.016,
  "2": 0.032,
  "3": 0.048,
  "4": 0.064,
  "5": 0.08,
  "6": 0.096,
  "7": 0.112,
  "8": 0.128,
  "9": 0.14400000000000002,
  "10": 0.16,
  "11": 0.167,
  "12": 0.17400000000000002,
  "13": 0.181,
  "14": 0.188,
  "15": 0.195,
  "16": 0.202,
  "17": 0.20900000000000002,
  "18": 0.21600000000000003,
  "19": 0.22300000000000003,
  "20": 0.23,
  "21": 0.234,
  "22": 0.23800000000000002,
  "23": 0.24200000000000002,
  "24": 0.24600000000000002,
  "25": 0.25,
  "26": 0.254,
  "27": 0.258,
  "28": 0.262,
  "29": 0.266,
  "30": 0.27,
  "31": 0.275,
  "32": 0.28,
  "33": 0.28500000000000003,
  "34": 0.29000000000000004,
  "35": 0.29500000000000004,
  "36": 0.3,
  "37": 0.305,
  "38": 0.31,
  "39": 0.315,
  "40": 0.32,
  "41": 0.326,
  "42": 0.332,
  "43": 0.338,
  "44": 0.34400000000000003,
  "45": 0.35,
  "46": 0.356,
  "47": 0.362,
  "48": 0.368,
  "49": 0.374,
  "50": 0.38,
  "51": 0.386,
  "52": 0.392,
  "53": 0.398,
  "54": 0.404,
  "55": 0.41000000000000003,
  "56": 0.41600000000000004,
  "57": 0.422,
  "58": 0.428,
  "59": 0.434,
  "60": 0.44,
  "61": 0.446,
  "62": 0.452,
  "63": 0.458,
  "64": 0.464,
  "65": 0.47,
  "66": 0.476,
  "67": 0.482,
  "68": 0.488,
  "69": 0.494,
  "70": 0.5,
  "71": 0.503,
  "72": 0.506,
  "73": 0.509,
  "74": 0.512,
  "75": 0.515,
  "76": 0.518,
  "77": 0.521,
  "78": 0.524,
  "79": 0.527,
  "80": 0.53,
  "81": 0.533,
  "82": 0.536,
  "83": 0.539,
  "84": 0.542,
  "85": 0.545,
  "86": 0.548,
  "87": 0.551,
  "88": 0.554,
  "89": 0.557,
  "90": 0.56,
  "91": 0.5625,
  "92": 0.5650000000000001,
  "93": 0.5675,
  "94": 0.5700000000000001,
  "95": 0.5725,
  "96": 0.575,
  "97": 0.5775,
  "98": 0.58,
  "99": 0.5825,
  "100": 0.585
}