{
  "0": 0.0,
  "1": 0.043905765,
  "2": 0.086450336,
  "3": 0.126405765,
  "4": 0.162797543,
  "5": 0.195,
  "6": 0.222797543,
  "7": 0.246405765,
  "8": 0.266450336,
  "9": 0.283905765,

  "10": 0.3,
  "11": 0.301072949,
  "12": 0.302236644,
  "13": 0.303572949,
  "14": 0.30514683,
  "15": 0.307,
  "16": 0.30915317,
  "17": 0.311627051,
  "18": 0.314450336,
  "19": 0.317651851,

  "20": 0.32,
  "21": 0.323765383,
  "22": 0.327130757,
  "23": 0.330251191,
  "24": 0.333280758,
  "25": 0.33625,
  "26": 0.339169242,
  "27": 0.342048809,
  "28": 0.344899243,
  "29": 0.347731474,

  "30": 0.35,
  "31": 0.355858908,
  "32": 0.361595355,
  "33": 0.367053908,
  "34": 0.372083756,
  "35": 0.37625,
  "36": 0.379083756,
  "37": 0.380053908,
  "38": 0.378595355,
  "39": 0.374858908,

  "40": 0.4,
  "41": 0.400494513,
  "42": 0.400978054,
  "43": 0.401445513,
  "44": 0.401891886,
  "45": 0.4023125,
  "46": 0.402703114,
  "47": 0.403060849,
  "48": 0.403383414,
  "49": 0.403668237,

  "50": 0.405,
  "51": 0.405331763,
  "52": 0.405616586,
  "53": 0.405939151,
  "54": 0.406296886,
  "55": 0.4066875,
  "56": 0.407108114,
  "57": 0.407554487,
  "58": 0.408021946,
  "59": 0.408505487,

  "60": 0.41,
  "61": 0.41476413,
  "62": 0.41941433,
  "63": 0.423857797,
  "64": 0.428,
  "65": 0.43176413,
  "66": 0.43508567,
  "67": 0.437918203,
  "68": 0.440239743,
  "69": 0.44205587,

  "70": 0.46,
  "71": 0.461609424,
  "72": 0.463354966,
  "73": 0.465359424,
  "74": 0.467720246,
  "75": 0.4705,
  "76": 0.473720246,
  "77": 0.477359424,
  "78": 0.481354966,
  "79": 0.485609424,

  "80": 0.49,
  "81": 0.492195288,
  "82": 0.494322517,
  "83": 0.496320288,
  "84": 0.498139877,
  "85": 0.49975,
  "86": 0.501160123,
  "87": 0.502429712,
  "88": 0.503673538,
  "89": 0.505049712,

  "90": 0.505,
  "91": 0.50559736,
  "92": 0.506177688,
  "93": 0.506742457,
  "94": 0.507293136,
  "95": 0.507830978,
  "96": 0.508356978,
  "97": 0.508871869,
  "98": 0.509376133,
  "99": 0.509869978,

  "100": 0.51
}
