{
  "0": 0.0,
  "1": 0.013000000000000001,
  "2": 0.026000000000000002,
  "3": 0.03900000000000001,
  "4": 0.052000000000000005,
  "5": 0.065,
  "6": 0.07800000000000001,
  "7": 0.09100000000000001,
  "8": 0.10400000000000001,
  "9": 0.117,
  "10": 0.13,
  "11": 0.135,
  "12": 0.14,
  "13": 0.145,
  "14": 0.15,
  "15": 0.155,
  "16": 0.16,
  "17": 0.165,
  "18": 0.16999999999999998,
  "19": 0.175,
  "20": 0.18,
  "21": 0.188,
  "22": 0.196,
  "23": 0.20400000000000001,
  "24": 0.212,
  "25": 0.22,
  "26": 0.228,
  "27": 0.23600000000000002,
  "28": 0.244,
  "29": 0.252,
  "30": 0.26,
  "31": 0.264,
  "32": 0.268,
  "33": 0.272,
  "34": 0.276,
  "35": 0.28,
  "36": 0.284,
  "37": 0.288,
  "38": 0.292,
  "39": 0.296,
  "40": 0.3,
  "41": 0.307,
  "42": 0.314,
  "43": 0.321,
  "44": 0.328,
  "45": 0.33499999999999996,
  "46": 0.34199999999999997,
  "47": 0.349,
  "48": 0.356,
  "49": 0.363,
  "50": 0.37,
  "51": 0.383,
  "52": 0.396,
  "53": 0.40900000000000003,
  "54": 0.422,
  "55": 0.435,
  "56": 0.448,
  "57": 0.451,
  "58": 0.464,
  "59": 0.47,
  "60": 0.477,
  "61": 0.481,
  "62": 0.483,
  "63": 0.492,
  "64": 0.498,
  "65": 0.502,
  "66": 0.512,
  "67": 0.514,
  "68": 0.516,
  "69": 0.518,
  "70": 0.52,
  "71": 0.525,
  "72": 0.53,
  "73": 0.535,
  "74": 0.54,
  "75": 0.5449999999999999,
  "76": 0.5499999999999999,
  "77": 0.5549999999999999,
  "78": 0.5599999999999999,
  "79": 0.565,
  "80": 0.57,
  "81": 0.572,
  "82": 0.574,
  "83": 0.576,
  "84": 0.578,
  "85": 0.58,
  "86": 0.582,
  "87": 0.584,
  "88": 0.586,
  "89": 0.588,
  "90": 0.59,
  "91": 0.592,
  "92": 0.594,
  "93": 0.596,
  "94": 0.598,
  "95": 0.6,
  "96": 0.602,
  "97": 0.604,
  "98": 0.606,
  "99": 0.608,
  "100": 0.61
}