{
  "0": 0.25635103926096997,
  "1": 0.25635103926096997,
  "2": 0.25635103926096997,
  "3": 0.25635103926096997,
  "4": 0.25635103926096997,
  "5": 0.26096997690531176,
  "6": 0.26212471131639725,
  "7": 0.26096997690531176,
  "8": 0.26096997690531176,
  "9": 0.2644341801385681,
  "10": 0.2644341801385681,
  "11": 0.2644341801385681,
  "12": 0.27713625866050806,
  "13": 0.27713625866050806,
  "14": 0.27713625866050806,
  "15": 0.279445727482679,
  "16": 0.279445727482679,
  "17": 0.27829099307159355,
  "18": 0.279445727482679,
  "19": 0.2840646651270208,
  "20": 0.29330254041570436,
  "21": 0.29330254041570436,
  "22": 0.279445727482679,
  "23": 0.28637413394919164,
  "24": 0.28637413394919164,
  "25": 0.29445727482678985,
  "26": 0.29330254041570436,
  "27": 0.29445727482678985,
  "28": 0.29445727482678985,
  "29": 0.289838337182448,
  "30": 0.2956120092378753,
  "31": 0.2956120092378753,
  "32": 0.2921478060046189,
  "33": 0.29445727482678985,
  "34": 0.3002309468822171,
  "35": 0.3083140877598153,
  "36": 0.3071593533487298,
  "37": 0.3071593533487298,
  "38": 0.3060046189376443,
  "39": 0.3083140877598153,
  "40": 0.3233256351039261,
  "41": 0.31755196304849886,
  "42": 0.3210161662817552,
  "43": 0.3210161662817552,
  "44": 0.3187066974595843,
  "45": 0.3233256351039261,
  "46": 0.3244803695150116,
  "47": 0.33602771362586603,
  "48": 0.33833718244803695,
  "49": 0.33833718244803695,
  "50": 0.33833718244803695,
  "51": 0.348729792147806,
  "52": 0.3533487297921478,
  "53": 0.3533487297921478,
  "54": 0.3510392609699769,
  "55": 0.3533487297921478,
  "56": 0.3475750577367206,
  "57": 0.35219399538106233,
  "58": 0.3475750577367206,
  "59": 0.3475750577367206,
  "60": 0.35450346420323325,
  "61": 0.35450346420323325,
  "62": 0.36489607390300227,
  "63": 0.36605080831408776,
  "64": 0.36720554272517325,
  "65": 0.36720554272517325,
  "66": 0.36720554272517325,
  "67": 0.36836027713625863,
  "68": 0.38221709006928406,
  "69": 0.384526558891455,
  "70": 0.3787528868360277,
  "71": 0.3787528868360277,
  "72": 0.3810623556581986,
  "73": 0.38221709006928406,
  "74": 0.3972286374133949,
  "75": 0.3972286374133949,
  "76": 0.3972286374133949,
  "77": 0.394919168591224,
  "78": 0.3972286374133949,
  "79": 0.39838337182448036,
  "80": 0.40300230946882215,
  "81": 0.4022401847575058,
  "82": 0.4022401847575058,
  "83": 0.4022401847575058,
  "84": 0.4010854503464203,
  "85": 0.40609699769053117,
  "86": 0.40494226327944573,
  "87": 0.40879907621247116,
  "88": 0.4076443418013857,
  "89": 0.40110854503464203,
  "90": 0.4199538106235566,
  "91": 0.4161200923787529,
  "92": 0.4115011547344111,
  "93": 0.41381062355658197,
  "94": 0.41381062355658197,
  "95": 0.4161200923787529,
  "96": 0.41113163972286376,
  "97": 0.4176674364896074,
  "98": 0.41882217090069284,
  "99": 0.4176674364896074,
  "100": 0.41420323325635104
}