{
  "0": 0.0,
  "1": 0.009,
  "2": 0.018,
  "3": 0.026999999999999996,
  "4": 0.036,
  "5": 0.045,
  "6": 0.05399999999999999,
  "7": 0.063,
  "8": 0.072,
  "9": 0.08099999999999999,
  "10": 0.09,
  "11": 0.0925,
  "12": 0.095,
  "13": 0.0975,
  "14": 0.1,
  "15": 0.10250000000000001,
  "16": 0.10500000000000001,
  "17": 0.1075,
  "18": 0.11,
  "19": 0.1125,
  "20": 0.115,
  "21": 0.11800000000000001,
  "22": 0.121,
  "23": 0.124,
  "24": 0.127,
  "25": 0.13,
  "26": 0.133,
  "27": 0.13599999999999998,
  "28": 0.13899999999999998,
  "29": 0.142,
  "30": 0.145,
  "31": 0.1475,
  "32": 0.15,
  "33": 0.1525,
  "34": 0.155,
  "35": 0.1575,
  "36": 0.16,
  "37": 0.1625,
  "38": 0.165,
  "39": 0.1675,
  "40": 0.17,
  "41": 0.17400000000000002,
  "42": 0.17800000000000002,
  "43": 0.182,
  "44": 0.186,
  "45": 0.19,
  "46": 0.194,
  "47": 0.198,
  "48": 0.202,
  "49": 0.206,
  "50": 0.21,
  "51": 0.215,
  "52": 0.22,
  "53": 0.225,
  "54": 0.23,
  "55": 0.235,
  "56": 0.24,
  "57": 0.245,
  "58": 0.25,
  "59": 0.255,
  "60": 0.26,
  "61": 0.265,
  "62": 0.27,
  "63": 0.275,
  "64": 0.28,
  "65": 0.28500000000000003,
  "66": 0.29,
  "67": 0.295,
  "68": 0.3,
  "69": 0.305,
  "70": 0.31,
  "71": 0.3145,
  "72": 0.319,
  "73": 0.3235,
  "74": 0.328,
  "75": 0.3325,
  "76": 0.33699999999999997,
  "77": 0.34149999999999997,
  "78": 0.346,
  "79": 0.3505,
  "80": 0.355,
  "81": 0.359,
  "82": 0.363,
  "83": 0.367,
  "84": 0.371,
  "85": 0.375,
  "86": 0.379,
  "87": 0.383,
  "88": 0.387,
  "89": 0.391,
  "90": 0.395,
  "91": 0.3975,
  "92": 0.4,
  "93": 0.4025,
  "94": 0.405,
  "95": 0.4075,
  "96": 0.41,
  "97": 0.4125,
  "98": 0.415,
  "99": 0.4175,
  "100": 0.42
}