{
  "0": 0.0,
  "1": 0.005,
  "2": 0.01,
  "3": 0.015,
  "4": 0.02,
  "5": 0.025,
  "6": 0.03,
  "7": 0.035,
  "8": 0.04,
  "9": 0.045,
  "10": 0.05,
  "11": 0.054,
  "12": 0.058,
  "13": 0.062,
  "14": 0.066,
  "15": 0.07,
  "16": 0.074,
  "17": 0.078,
  "18": 0.08199999999999999,
  "19": 0.086,
  "20": 0.09,
  "21": 0.093,
  "22": 0.096,
  "23": 0.099,
  "24": 0.102,
  "25": 0.105,
  "26": 0.108,
  "27": 0.111,
  "28": 0.11399999999999999,
  "29": 0.11699999999999999,
  "30": 0.12,
  "31": 0.123,
  "32": 0.126,
  "33": 0.129,
  "34": 0.132,
  "35": 0.135,
  "36": 0.138,
  "37": 0.141,
  "38": 0.144,
  "39": 0.147,
  "40": 0.15,
  "41": 0.155,
  "42": 0.16,
  "43": 0.165,
  "44": 0.17,
  "45": 0.175,
  "46": 0.18,
  "47": 0.185,
  "48": 0.19,
  "49": 0.195,
  "50": 0.2,
  "51": 0.20500000000000002,
  "52": 0.21000000000000002,
  "53": 0.215,
  "54": 0.22,
  "55": 0.225,
  "56": 0.23,
  "57": 0.23500000000000001,
  "58": 0.24,
  "59": 0.245,
  "60": 0.25,
  "61": 0.254,
  "62": 0.258,
  "63": 0.262,
  "64": 0.266,
  "65": 0.27,
  "66": 0.27399999999999997,
  "67": 0.27799999999999997,
  "68": 0.282,
  "69": 0.286,
  "70": 0.29,
  "71": 0.296,
  "72": 0.302,
  "73": 0.308,
  "74": 0.314,
  "75": 0.31999999999999995,
  "76": 0.32599999999999996,
  "77": 0.33199999999999996,
  "78": 0.33799999999999997,
  "79": 0.344,
  "80": 0.35,
  "81": 0.354,
  "82": 0.358,
  "83": 0.362,
  "84": 0.366,
  "85": 0.37,
  "86": 0.374,
  "87": 0.378,
  "88": 0.382,
  "89": 0.386,
  "90": 0.39,
  "91": 0.393,
  "92": 0.396,
  "93": 0.399,
  "94": 0.402,
  "95": 0.405,
  "96": 0.408,
  "97": 0.411,
  "98": 0.414,
  "99": 0.417,
  "100": 0.42
}