{
  "0": 0.0,
  "1": 0.008,
  "2": 0.016,
  "3": 0.024,
  "4": 0.032,
  "5": 0.04,
  "6": 0.048,
  "7": 0.056,
  "8": 0.064,
  "9": 0.07200000000000001,
  "10": 0.08,
  "11": 0.084,
  "12": 0.088,
  "13": 0.092,
  "14": 0.096,
  "15": 0.1,
  "16": 0.104,
  "17": 0.108,
  "18": 0.11199999999999999,
  "19": 0.11599999999999999,
  "20": 0.12,
  "21": 0.123,
  "22": 0.126,
  "23": 0.129,
  "24": 0.132,
  "25": 0.135,
  "26": 0.138,
  "27": 0.141,
  "28": 0.144,
  "29": 0.147,
  "30": 0.15,
  "31": 0.152,
  "32": 0.154,
  "33": 0.156,
  "34": 0.158,
  "35": 0.16,
  "36": 0.162,
  "37": 0.164,
  "38": 0.166,
  "39": 0.168,
  "40": 0.17,
  "41": 0.17400000000000002,
  "42": 0.17800000000000002,
  "43": 0.182,
  "44": 0.186,
  "45": 0.19,
  "46": 0.194,
  "47": 0.198,
  "48": 0.202,
  "49": 0.206,
  "50": 0.21,
  "51": 0.219,
  "52": 0.22799999999999998,
  "53": 0.237,
  "54": 0.246,
  "55": 0.255,
  "56": 0.264,
  "57": 0.273,
  "58": 0.282,
  "59": 0.291,
  "60": 0.3,
  "61": 0.304,
  "62": 0.308,
  "63": 0.312,
  "64": 0.316,
  "65": 0.32,
  "66": 0.324,
  "67": 0.328,
  "68": 0.332,
  "69": 0.336,
  "70": 0.34,
  "71": 0.34400000000000003,
  "72": 0.34800000000000003,
  "73": 0.35200000000000004,
  "74": 0.35600000000000004,
  "75": 0.36,
  "76": 0.364,
  "77": 0.368,
  "78": 0.372,
  "79": 0.376,
  "80": 0.38,
  "81": 0.384,
  "82": 0.388,
  "83": 0.392,
  "84": 0.396,
  "85": 0.4,
  "86": 0.40399999999999997,
  "87": 0.408,
  "88": 0.412,
  "89": 0.416,
  "90": 0.42,
  "91": 0.422,
  "92": 0.424,
  "93": 0.426,
  "94": 0.428,
  "95": 0.43,
  "96": 0.432,
  "97": 0.434,
  "98": 0.436,
  "99": 0.438,
  "100": 0.44
}