{
  "0": 0.0,
  "1": 0.0075,
  "2": 0.015,
  "3": 0.0225,
  "4": 0.03,
  "5": 0.0375,
  "6": 0.045,
  "7": 0.0525,
  "8": 0.06,
  "9": 0.0675,
  "10": 0.075,
  "11": 0.0785,
  "12": 0.082,
  "13": 0.08549999999999999,
  "14": 0.089,
  "15": 0.0925,
  "16": 0.096,
  "17": 0.0995,
  "18": 0.10300000000000001,
  "19": 0.10650000000000001,
  "20": 0.11,
  "21": 0.112,
  "22": 0.114,
  "23": 0.116,
  "24": 0.11800000000000001,
  "25": 0.12,
  "26": 0.122,
  "27": 0.124,
  "28": 0.126,
  "29": 0.128,
  "30": 0.13,
  "31": 0.132,
  "32": 0.134,
  "33": 0.136,
  "34": 0.138,
  "35": 0.14,
  "36": 0.142,
  "37": 0.144,
  "38": 0.146,
  "39": 0.148,
  "40": 0.15,
  "41": 0.154,
  "42": 0.158,
  "43": 0.162,
  "44": 0.166,
  "45": 0.16999999999999998,
  "46": 0.174,
  "47": 0.178,
  "48": 0.182,
  "49": 0.186,
  "50": 0.19,
  "51": 0.195,
  "52": 0.2,
  "53": 0.205,
  "54": 0.21,
  "55": 0.215,
  "56": 0.22,
  "57": 0.225,
  "58": 0.22999999999999998,
  "59": 0.235,
  "60": 0.24,
  "61": 0.246,
  "62": 0.252,
  "63": 0.258,
  "64": 0.264,
  "65": 0.27,
  "66": 0.276,
  "67": 0.282,
  "68": 0.288,
  "69": 0.294,
  "70": 0.3,
  "71": 0.306,
  "72": 0.312,
  "73": 0.318,
  "74": 0.324,
  "75": 0.32999999999999996,
  "76": 0.33599999999999997,
  "77": 0.34199999999999997,
  "78": 0.348,
  "79": 0.354,
  "80": 0.36,
  "81": 0.364,
  "82": 0.368,
  "83": 0.372,
  "84": 0.376,
  "85": 0.38,
  "86": 0.384,
  "87": 0.388,
  "88": 0.392,
  "89": 0.396,
  "90": 0.4,
  "91": 0.403,
  "92": 0.406,
  "93": 0.40900000000000003,
  "94": 0.41200000000000003,
  "95": 0.41500000000000004,
  "96": 0.418,
  "97": 0.421,
  "98": 0.424,
  "99": 0.427,
  "100": 0.43
}