{
    "avererage_area": [
        0.6391891182377879,
        0.6348893303226757,
        0.6384822919492746,
        0.6443487296862818,
        0.6478361707856415,
        0.6458448898282285,
        0.6446221376719699,
        0.6464019106332429,
        0.6453804008869035,
        0.6445947254474885,
        0.6439681219818442,
        0.6459071149686942,
        0.6457193604929959,
        0.6453926237889048,
        0.6460216211418478,
        0.6519330525719741,
        0.6449472717549241,
        0.6478046817887668,
        0.6471172833855608,
        0.6445299650208034,
        0.6464038809590997,
        0.6440021656665389,
        0.6435353386901991,
        0.639849036692524,
        0.638336763198816,
        0.6402067379037933,
        0.6428579003491088,
        0.642297819435364,
        0.6454861252411347,
        0.643472089014935,
        0.6448062326105247,
        0.6465460914737169,
        0.643861460866477,
        0.6412983533597072,
        0.6404674346191456,
        0.6401155966768017,
        0.640532619555894,
        0.636850665375778,
        0.641772408216651,
        0.6441776994761301,
        0.6438401177491587,
        0.6430354099011071,
        0.6424368528953917,
        0.6422599860139171,
        0.6410562407101646,
        0.6392398184742756,
        0.6402040016226316,
        0.6383147505847737,
        0.6387248126828327,
        0.6386027371571379,
        0.638324123956037
    ],
    "avererage_area_percentile": [
        0.9696031511752599,
        0.9697595134423613,
        0.9700096933280721,
        0.9702911461838997,
        0.9706038711794389,
        0.9704475086355357,
        0.9706664154588622,
        0.9706351429500816,
        0.9704787804984456,
        0.970353690463323,
        0.9703224183236113,
        0.970259874044188,
        0.9703224188772148,
        0.970166056886915,
        0.9701973281962215,
        0.9703224182313441,
        0.970103510854414,
        0.9702286007050022,
        0.970103510854414,
        0.9699471485873125,
        0.9700409656523182,
        0.9698220581831208,
        0.9695718785742119,
        0.9695093333721161,
        0.9694467883545548,
        0.9697282407490462,
        0.9696969684248,
        0.9695406060654312,
        0.9695718792200827,
        0.9691340652043605,
        0.9694155172297829,
        0.9693529720276871,
        0.96922788180803,
        0.9693529716586181,
        0.9693216998879755,
        0.9693842443519333,
        0.9693842447210023,
        0.9695093343870559,
        0.9695718801427552,
        0.9696344251603165,
        0.9697595146418356,
        0.969728242133055,
        0.9695093350329266,
        0.9696656973922954,
        0.9695718796814189,
        0.9694467898308308,
        0.9694467898308308,
        0.9694155171375156,
        0.9691027923265109,
        0.9689151573660942,
        0.9690089744310999
    ]
}